Noms des sites,,,,
Codes,Noms français,Code de province,Latitude,Longitude
s0000106,100 Mile House,BC,51.65N,121.28O
s0000758,Abbotsford,BC,49.06N,122.25O
s0000399,Agassiz,BC,49.23N,121.77O
s0000768,Airdrie,AB,51.29N,114.01O
s0000570,Aklavik,NT,68.22N,135.01O
s0000578,Akulivik,QC,60.80N,78.20O
s0000821,Alert,NU,82.50N,62.37O
s0000070,Alexandria,ON,45.31N,74.63O
s0000489,Alliston,ON,44.15N,79.86O
s0000197,Alma,QC,48.55N,71.65O
s0000171,Altona,MB,49.10N,97.56O
s0000450,Amherst,NS,45.83N,64.21O
s0000718,Amos,QC,48.57N,78.12O
s0000406,Amqui,QC,48.47N,67.43O
s0000802,Annapolis Royal,NS,44.74N,65.52O
s0000462,Antigonish,NS,45.62N,61.99O
s0000304,Apsley,ON,44.76N,78.09O
s0000412,Arctic Bay,NU,73.03N,85.17O
s0000520,Armstrong,ON,50.30N,89.04O
s0000533,Arnes,MB,50.80N,96.99O
s0000511,Arviat,NU,61.11N,94.06O
s0000682,Asbestos,QC,45.77N,71.93O
s0000209,Assiniboia,SK,49.63N,105.99O
s0000001,Athabasca,AB,54.72N,113.28O
s0000103,Atikokan,ON,48.76N,91.61O
s0000409,Atlin,BC,59.57N,133.70O
s0000024,Attawapiskat,ON,52.92N,82.43O
s0000586,Aupaluk,QC,59.30N,69.60O
s0000091,Bachelors Island,MB,51.75N,99.90O
s0000265,Baddeck,NS,46.10N,60.75O
s0000116,Badger,NL,48.98N,56.04O
s0000486,Bagotville,QC,48.35N,70.88O
s0000483,Baie-Comeau,QC,49.22N,68.15O
s0000580,Baie-James,QC,52.00N,76.00O
s0000342,Baie-Saint-Paul,QC,47.45N,70.50O
s0000487,Baker Lake,NU,64.32N,96.02O
s0000301,Bancroft,ON,45.06N,77.76O
s0000404,Banff,AB,51.18N,115.57O
s0000413,Barrhead,AB,54.12N,114.40O
s0000415,Barrie,ON,44.37N,79.68O
s0000302,Barry's Bay,ON,45.49N,77.68O
s0000386,Bas-Caraquet,NB,47.80N,64.83O
s0000806,Bathurst,NB,47.63N,65.63O
s0000018,Bay Roberts,NL,47.60N,53.27O
s0000185,Beauceville,QC,46.20N,70.78O
s0000044,Beauharnois,QC,45.32N,73.87O
s0000751,Beaver Creek,YT,62.38N,140.88O
s0000096,Beaver Island,NS,44.75N,62.80O
s0000092,Beaverlodge,AB,55.21N,119.43O
s0000347,Bécancour,QC,46.33N,72.43O
s0000834,Bella Bella,BC,52.16N,128.14O
s0000485,Bella Coola,BC,52.38N,126.75O
s0000703,Belleville,ON,44.26N,77.37O
s0000102,Berens River,MB,52.37N,97.03O
s0000205,Bernières,QC,46.69N,71.36O
s0000143,Berthierville,QC,46.08N,73.18O
s0000697,Big Trout Lake,ON,53.75N,90.00O
s0000343,Biggar,SK,52.06N,107.98O
s0000012,Bissett,MB,51.03N,95.68O
s0000603,Blainville,QC,45.67N,73.88O
s0000494,Blanc-Sablon,QC,51.42N,57.13O
s0000513,Blind River,ON,46.19N,82.96O
s0000101,Bloodvein,MB,51.79N,96.71O
s0000499,Blue River,BC,52.10N,119.30O
s0000604,Boisbriand,QC,45.62N,73.83O
s0000269,Bonaventure,QC,48.05N,65.48O
s0000041,Bonavista,NL,48.65N,53.11O
s0000033,Bouctouche,NB,46.47N,64.74O
s0000382,Bow Island,AB,49.87N,111.38O
s0000379,Bow Valley (Parc provincial),AB,51.08N,115.07O
s0000641,Bracebridge,ON,45.03N,79.19O
s0000658,Brampton,ON,43.69N,79.76O
s0000492,Brandon,MB,49.85N,99.95O
s0000550,Brantford,ON,43.16N,80.26O
s0000277,Breton,AB,53.11N,114.47O
s0000804,Bridgetown,NS,44.84N,65.29O
s0000441,Bridgewater,NS,44.38N,64.52O
s0000365,Brier Island,NS,44.27N,66.37O
s0000192,Broadview,SK,50.38N,102.58O
s0000778,Brochet,MB,57.88N,101.67O
s0000168,Brockville,ON,44.60N,75.69O
s0000093,Brooks,AB,50.57N,111.90O
s0000117,Buchans,NL,48.82N,56.86O
s0000723,Buffalo Narrows,SK,55.88N,108.52O
s0000032,Burgeo,NL,47.61N,57.62O
s0000637,Burk's Falls,ON,45.63N,79.40O
s0000368,Burlington,ON,43.37N,79.81O
s0000293,Burns Lake,BC,54.23N,125.75O
s0000506,Burwash Landing,YT,61.36N,138.99O
s0000569,Cache Creek,BC,50.81N,121.32O
s0000787,Caledon,ON,43.87N,79.86O
s0000047,Calgary,AB,51.05N,114.06O
s0000126,Calgary (Parc Olympique),AB,51.09N,114.23O
s0000572,Cambridge,ON,43.40N,80.31O
s0000495,Cambridge Bay,NU,69.11N,105.05O
s0000488,Campbell River,BC,50.02N,125.24O
s0000807,Campbellton,NB,47.99N,66.68O
s0000668,Campbellton,NL,49.29N,54.94O
s0000311,Camrose,AB,53.02N,112.82O
s0000046,Candiac,QC,45.38N,73.52O
s0000403,Canmore,AB,51.08N,115.37O
s0000662,Canora,SK,51.64N,102.43O
s0000110,Cap Baccaro,NS,43.45N,65.47O
s0000320,Cap Chat,QC,49.10N,66.68O
s0000020,Cap Fourchu,NS,45.72N,60.23O
s0000694,Cape Dorset,NU,64.23N,76.54O
s0000463,Cape George,NS,45.85N,61.93O
s0000298,Cape Race,NL,46.66N,53.07O
s0000401,Carberry,MB,49.87N,99.36O
s0000760,Carcross,YT,60.17N,134.71O
s0000159,Cardston,AB,49.20N,113.30O
s0000090,Caribou,NS,45.73N,62.72O
s0000553,Carignan,QC,45.45N,73.30O
s0000811,Carleton-sur-Mer,QC,48.10N,66.13O
s0000515,Carlyle,SK,49.64N,102.27O
s0000421,Carmacks,YT,62.09N,136.30O
s0000257,Carman,MB,49.50N,98.00O
s0000100,Cartwright,NL,53.71N,57.01O
s0000859,Cartwright Junction (Rte Trans-Labrador),NL,53.07N,57.51O
s0000228,Cassiar,BC,59.29N,129.85O
s0000497,Castlegar,BC,49.30N,117.67O
s0000554,Chambly,QC,45.45N,73.28O
s0000315,Chandler,QC,48.35N,64.68O
s0000400,Channel-Port aux Basques,NL,47.58N,59.14O
s0000588,Chapleau,ON,47.84N,83.40O
s0000194,Charlevoix,QC,47.48N,70.48O
s0000809,Charlo,NB,47.99N,66.31O
s0000583,Charlottetown,PE,46.24N,63.13O
s0000454,Chatham-Kent,ON,42.43N,82.13O
s0000615,Chelsea,QC,45.50N,75.78O
s0000501,Chesterfield,NU,63.34N,90.70O
s0000420,Chéticamp,NS,46.63N,61.01O
s0000500,Chetwynd,BC,55.70N,121.63O
s0000121,Chevery,QC,50.47N,59.60O
s0000598,Chibougamau,QC,49.92N,74.37O
s0000398,Chilliwack,BC,49.18N,121.94O
s0000502,Chipman,NB,46.17N,65.89O
s0000779,Churchill,MB,58.73N,94.12O
s0000832,Churchill Falls,NL,53.55N,64.02O
s0000466,Clarenville,NL,48.16N,53.98O
s0000120,Claresholm,AB,50.02N,113.58O
s0000002,Clearwater,BC,51.65N,120.03O
s0000107,Clinton,BC,51.08N,121.58O
s0000504,Clyde River,NU,70.47N,68.59O
s0000296,Coaticook,QC,45.13N,71.80O
s0000251,Cobourg,ON,43.96N,78.16O
s0000706,Cochrane,ON,49.17N,81.06O
s0000493,Cochrane,AB,51.21N,114.47O
s0000619,Cold Lake,AB,54.45N,110.17O
s0000108,Collingwood,ON,44.50N,80.24O
s0000369,Collins Bay,SK,58.28N,103.63O
s0000164,Colville Lake,NT,67.03N,126.12O
s0000656,Comox,BC,49.68N,124.93O
s0000144,Contrecoeur,QC,45.85N,73.23O
s0000798,Coral Harbour,NU,64.13N,83.17O
s0000221,Corner Brook,NL,48.94N,57.97O
s0000071,Cornwall,ON,45.03N,74.73O
s0000081,Coronach,SK,49.11N,105.51O
s0000111,Coronation,AB,52.09N,111.45O
s0000657,Courtenay,BC,49.68N,124.98O
s0000053,Cowansville,QC,45.20N,72.75O
s0000741,Cranbrook,BC,49.50N,115.77O
s0000212,Creston,BC,49.10N,116.50O
s0000310,Crowsnest,AB,49.63N,114.69O
s0000845,Cummins Lakes (Parc provincial),BC,52.10N,118.06O
s0000360,Cypress Hills (Parc provincial),SK,49.63N,109.75O
s0000808,Dalhousie,NB,48.05N,66.39O
s0000115,Daniel's Harbour,NL,50.24N,57.59O
s0000508,Dauphin,MB,51.15N,100.05O
s0000275,Dawson,YT,64.06N,139.43O
s0000509,Dawson Creek,BC,55.77N,120.23O
s0000227,Dease Lake,BC,58.43N,130.02O
s0000732,Deep River,ON,46.05N,77.42O
s0000507,Deer Lake,NL,49.18N,57.43O
s0000256,Deerwood,MB,49.40N,98.39O
s0000423,Deline,NT,65.19N,123.42O
s0000769,Delson,QC,45.37N,73.55O
s0000831,Delta,MB,50.19N,98.32O
s0000031,Dempster (Route),YT,66.16N,137.15O
s0000791,Detah,NT,62.41N,114.31O
s0000361,Deux-Montagnes,QC,45.53N,73.88O
s0000364,Digby,NS,44.62N,65.76O
s0000503,Doaktown,NB,46.56N,66.12O
s0000270,Dolbeau-Mistassini,QC,48.88N,72.23O
s0000009,Dome Creek,BC,53.75N,121.03O
s0000152,Dominion City,MB,49.14N,97.16O
s0000182,Donnacona,QC,46.67N,71.75O
s0000660,Dorion,ON,48.79N,88.65O
s0000468,Drayton Valley,AB,53.22N,114.98O
s0000129,Drumheller,AB,51.46N,112.72O
s0000261,Drummondville,QC,45.88N,72.48O
s0000546,Dryden,ON,49.78N,92.77O
s0000863,Duncan,BC,48.78N,123.71O
s0000452,Dunchurch,ON,45.65N,79.85O
s0000237,Dundalk,ON,44.17N,80.39O
s0000428,Ear Falls,ON,50.64N,93.24O
s0000752,Earlton,ON,47.71N,79.82O
s0000138,East Point,PE,46.45N,62.00O
s0000134,Eastend,SK,49.52N,108.82O
s0000814,Economy,NS,45.38N,63.91O
s0000045,Edmonton,AB,53.53N,113.49O
s0000510,Edmonton (Aprt int.),AB,53.34N,113.54O
s0000043,Edmundston,NB,47.38N,68.29O
s0000518,Edson,AB,53.58N,116.43O
s0000618,Ekati (Lac de Gras),NT,64.50N,110.50O
s0000274,Elbow,SK,51.12N,106.60O
s0000156,Elk Island (Parc national),AB,53.61N,112.87O
s0000512,Elliot Lake,ON,46.38N,82.66O
s0000153,Emerson,MB,49.01N,97.21O
s0000112,Englee,NL,50.73N,56.10O
s0000206,Ennadai,NU,61.13N,100.88O
s0000560,Enterprise,NT,60.55N,116.13O
s0000028,Escoumins,QC,48.42N,69.42O
s0000861,Eskasoni,NS,45.94N,60.62O
s0000286,Esquimalt,BC,48.45N,123.42O
s0000516,Estevan,SK,49.14N,102.99O
s0000132,Estevan Point,BC,49.38N,126.55O
s0000176,Esther,AB,51.68N,110.26O
s0000140,Eureka,NU,79.98N,85.95O
s0000063,Farnham,QC,45.28N,72.98O
s0000349,Faro,YT,62.23N,133.36O
s0000738,Fermont,QC,52.78N,67.08O
s0000339,Fisher Branch,MB,51.08N,97.62O
s0000015,Flin Flon,MB,54.77N,101.86O
s0000484,Forestville,QC,48.73N,69.08O
s0000536,Forillon,QC,48.84N,64.34O
s0000537,Forillon ( Parc national),QC,48.90N,64.35O
s0000597,Fort Albany,ON,52.21N,81.68O
s0000636,Fort Chipewyan,AB,58.71N,111.16O
s0000282,Fort Erie,ON,42.92N,79.02O
s0000104,Fort Frances,ON,48.61N,93.39O
s0000818,Fort Good Hope,NT,66.26N,128.64O
s0000210,Fort Liard,NT,60.23N,123.47O
s0000595,Fort McMurray,AB,56.73N,111.38O
s0000816,Fort McPherson,NT,67.44N,134.88O
s0000771,Fort Nelson,BC,58.81N,122.70O
s0000188,Fort Providence,NT,61.35N,117.65O
s0000087,Fort Qu'Appelle,SK,50.77N,103.79O
s0000524,Fort Resolution,NT,61.17N,113.67O
s0000517,Fort Severn,ON,56.00N,87.62O
s0000525,Fort Simpson,NT,61.86N,121.35O
s0000690,Fort Smith,NT,60.00N,111.88O
s0000746,Fort St. John,BC,56.25N,120.85O
s0000250,Fredericton,NB,45.95N,66.67O
s0000688,Fundy (Parc national),NB,45.62N,65.03O
s0000388,Gameti,NT,64.12N,117.35O
s0000169,Gananoque,ON,44.33N,76.16O
s0000667,Gander,NL,48.95N,54.61O
s0000167,Garden Creek,AB,58.70N,113.88O
s0000535,Gaspé,QC,48.83N,64.48O
s0000321,Gaspésie (Parc national),QC,48.93N,66.28O
s0000611,Gatineau,QC,45.48N,75.65O
s0000316,Gibsons,BC,49.40N,123.50O
s0000543,Gillam,MB,56.35N,94.71O
s0000534,Gimli,MB,50.63N,96.99O
s0000820,Gjoa Haven,NU,68.63N,95.88O
s0000165,Goderich,ON,43.74N,81.70O
s0000566,Gods Lake,MB,54.67N,94.25O
s0000025,Gogama,ON,47.67N,81.73O
s0000527,Golden,BC,51.30N,116.97O
s0000234,Gonzales Point,BC,48.41N,123.29O
s0000647,Good Hope Lake,BC,59.28N,129.30O
s0000790,Gore Bay,ON,45.92N,82.46O
s0000288,Gouin (Réservoir),QC,48.63N,74.90O
s0000052,Granby,QC,45.40N,72.73O
s0000475,Grand Bank,NL,47.10N,55.77O
s0000191,Grand Beach,MB,50.55N,96.63O
s0000405,Grand Étang,NS,46.55N,61.05O
s0000118,Grand Falls-Windsor,NL,48.94N,55.67O
s0000004,Grand Forks,BC,49.03N,118.43O
s0000622,Grand Manan,NB,44.70N,66.82O
s0000207,Grand Rapids,MB,53.18N,99.26O
s0000680,Grand Sudbury,ON,46.58N,81.07O
s0000201,Grand-Sault,NB,47.05N,67.74O
s0000781,Grande Cache,AB,53.89N,119.12O
s0000661,Grande Prairie,AB,55.17N,118.80O
s0000319,Grande-Vallée,QC,49.22N,65.13O
s0000638,Gravenhurst,ON,44.87N,79.34O
s0000528,Greater Napanee,ON,44.24N,76.97O
s0000418,Greenstone (Beardmore),ON,49.60N,87.96O
s0000538,Greenstone (Geraldton),ON,49.72N,86.95O
s0000539,Greenstone (Nakina),ON,50.18N,86.71O
s0000803,Greenwood,NS,44.97N,64.93O
s0000172,Gretna,MB,49.01N,97.56O
s0000177,Grise Fiord,NU,76.42N,82.90O
s0000457,Gros Morne,NL,49.69N,57.74O
s0000571,Guelph,ON,43.54N,80.23O
s0000155,Gulf Islands (Secteur sud),BC,48.95N,123.53O
s0000395,Gull Bay,ON,49.80N,89.11O
s0000860,Gull Island Rapids (Rte Trans-Labrador),NL,52.98N,61.47O
s0000464,Guysborough,NS,45.39N,61.50O
s0000183,Haines Junction,YT,60.75N,137.51O
s0000548,Haldimand County,ON,42.99N,79.85O
s0000303,Haliburton,ON,45.05N,78.51O
s0000318,Halifax,NS,44.87N,63.72O
s0000084,Halifax (Shearwater),NS,44.66N,63.59O
s0000714,Hall Beach,NU,68.79N,81.24O
s0000789,Halton Hills,ON,43.63N,79.95O
s0000549,Hamilton,ON,43.24N,79.99O
s0000780,Happy Valley-Goose Bay,NL,53.30N,60.31O
s0000308,Hart Island,NS,45.35N,60.98O
s0000541,Havre St-Pierre,QC,50.23N,63.60O
s0000069,Hawkesbury,ON,45.61N,74.60O
s0000561,Hay River,NT,60.82N,115.80O
s0000266,Hearst,ON,49.69N,83.65O
s0000279,Hendrickson Creek,AB,53.77N,118.37O
s0000621,High Level,AB,58.52N,117.13O
s0000383,High River,AB,50.58N,113.87O
s0000066,Highvale,AB,53.45N,114.52O
s0000217,Hinton,AB,53.41N,117.56O
s0000547,Hope,BC,49.38N,121.44O
s0000226,Hope Slide,BC,49.30N,121.27O
s0000181,Hopedale,NL,55.47N,60.22O
s0000655,Hopewell,NB,45.83N,64.72O
s0000267,Hornepayne,ON,49.25N,84.78O
s0000545,Hudson Bay,SK,52.84N,102.38O
s0000196,Humboldt,SK,52.20N,105.12O
s0000178,Hunters Point,MB,53.03N,100.94O
s0000099,Huntingdon,QC,45.08N,74.17O
s0000640,Huntsville,ON,45.31N,79.28O
s0000540,Igloolik,NU,69.38N,81.80O
s0000819,Ignace,ON,49.41N,91.68O
s0000174,Îles-de-la-Madeleine,QC,47.40N,61.78O
s0000086,Indian Head,SK,50.53N,103.67O
s0000389,Indin River,NT,64.28N,115.07O
s0000433,Ingonish,NS,46.69N,60.37O
s0000627,Inukjuak,QC,58.45N,78.10O
s0000519,Inuvik,NT,68.36N,133.72O
s0000008,Invermere,BC,50.52N,116.03O
s0000394,Iqaluit,NU,63.75N,68.52O
s0000565,Island Lake,MB,53.86N,94.67O
s0000563,Ivujivik,QC,62.42N,77.92O
s0000218,Jasper,AB,52.89N,118.17O
s0000721,Joliette,QC,46.02N,73.45O
s0000659,Kakabeka Falls,ON,48.41N,89.62O
s0000305,Kaladar,ON,44.65N,77.12O
s0000568,Kamloops,BC,50.67N,120.33O
s0000335,Kamouraska,QC,47.57N,69.87O
s0000664,Kamsack,SK,51.56N,101.90O
s0000263,Kananaskis (Nakiska Ridgetop),AB,51.08N,115.13O
s0000591,Kangiqsualujjuaq,QC,58.69N,65.95O
s0000574,Kangiqsujuaq,QC,61.60N,71.96O
s0000480,Kangirsuk,QC,60.02N,70.03O
s0000782,Kapuskasing,ON,49.42N,82.42O
s0000632,Kawartha Lakes (Fenelon Falls),ON,44.54N,78.74O
s0000631,Kawartha Lakes (Lindsay),ON,44.36N,78.74O
s0000223,Kejimkujik (Parc national),NS,44.39N,65.29O
s0000592,Kelowna,BC,49.88N,119.48O
s0000436,Kemptville,ON,45.02N,75.64O
s0000651,Kenora,ON,49.82N,94.44O
s0000439,Kentville,NS,45.08N,64.50O
s0000576,Key Lake,SK,57.22N,105.63O
s0000088,Killarney,ON,46.06N,80.98O
s0000587,Kimmirut,NU,62.85N,69.87O
s0000166,Kincardine,ON,44.17N,81.63O
s0000581,Kindersley,SK,51.47N,109.16O
s0000531,Kingston,ON,44.31N,76.42O
s0000437,Kirkland Lake,ON,48.15N,80.03O
s0000573,Kitchener-Waterloo,ON,43.42N,80.47O
s0000756,Kitimat,BC,54.05N,128.65O
s0000391,Kootenay (Parc national),BC,50.95N,116.03O
s0000038,Kouchibouguac,NB,46.86N,64.98O
s0000065,Kugaaruk,NU,68.53N,89.83O
s0000498,Kugluktuk,NU,67.83N,115.09O
s0000719,Kuujjuaq,QC,58.10N,68.40O
s0000542,Kuujjuarapik,QC,55.28N,77.75O
s0000857,L'Anse-au-Loup,NL,51.52N,56.84O
s0000142,L'Assomption,QC,45.83N,73.42O
s0000336,L'Islet,QC,47.10N,70.35O
s0000532,La Grande Rivière,QC,53.63N,77.70O
s0000478,La Grande-Quatre,QC,53.83N,73.53O
s0000722,La Loche,SK,56.49N,109.40O
s0000333,La Malbaie,QC,47.65N,70.15O
s0000048,La Prairie,QC,45.42N,73.50O
s0000715,La Ronge,SK,55.12N,105.29O
s0000354,La Sarre,QC,48.80N,79.20O
s0000079,La Scie,NL,49.96N,55.59O
s0000124,La Tuque,QC,47.43N,72.78O
s0000245,La Vérendrye (Réserve faunique),QC,47.33N,77.00O
s0000737,Labrador City,NL,52.94N,66.92O
s0000505,Lac Kluane,YT,61.26N,138.77O
s0000229,Lac La Biche,AB,54.77N,111.98O
s0000575,Lac Raglan,QC,61.66N,73.26O
s0000763,Lac Supérieur (Parc provincial),ON,47.60N,84.74O
s0000186,Lac-Mégantic,QC,45.58N,70.88O
s0000674,Lac-Saint-Jean,QC,48.57N,72.23O
s0000602,Lachute,QC,45.65N,74.33O
s0000297,Lacombe,AB,52.46N,113.73O
s0000744,Lambton Shores,ON,43.18N,81.90O
s0000459,Lanaudière,QC,46.30N,73.20O
s0000866,Langley,BC,49.10N,122.66O
s0000233,Lansdowne House,ON,52.22N,87.89O
s0000381,Last Mountain Lake (Sanctuaire),SK,51.37N,105.23O
s0000284,Laurentides (Réserve faunique),QC,47.75N,71.25O
s0000712,Laval,QC,45.58N,73.75O
s0000149,Le Gardeur,QC,45.75N,73.47O
s0000219,Leader,SK,50.89N,109.55O
s0000776,Leaf Rapids,MB,56.47N,99.75O
s0000431,Leamington,ON,42.10N,82.56O
s0000652,Lethbridge,AB,49.69N,112.84O
s0000416,Lévis,QC,46.80N,71.18O
s0000669,Lewisporte,NL,49.25N,55.06O
s0000377,Liard River,BC,59.42N,126.08O
s0000222,Lillooet,BC,50.68N,121.93O
s0000470,Lincoln,ON,43.15N,79.42O
s0000010,Little Grand Rapids,MB,52.04N,95.46O
s0000371,Liverpool,NS,44.04N,64.72O
s0000590,Lloydminster,AB,53.28N,110.00O
s0000835,Lloydminster,SK,53.28N,109.98O
s0000326,London,ON,42.97N,81.23O
s0000551,Longueuil,QC,45.53N,73.52O
s0000605,Lorraine,QC,45.68N,73.78O
s0000348,Louiseville,QC,46.25N,72.95O
s0000230,Lucky Lake,SK,50.99N,107.13O
s0000440,Lunenburg,NS,44.38N,64.31O
s0000443,Lutselke,NT,62.41N,110.74O
s0000777,Lynn Lake,MB,56.83N,101.08O
s0000242,Lytton,BC,50.23N,121.57O
s0000805,Mackenzie,BC,55.30N,123.17O
s0000345,Magog,QC,45.27N,72.15O
s0000526,Makkovik,NL,55.09N,59.18O
s0000224,Malahat,BC,48.55N,123.57O
s0000447,Malay Falls,NS,44.99N,62.48O
s0000123,Manicouagan,QC,50.64N,68.74O
s0000244,Maniwaki,QC,46.38N,75.97O
s0000248,Maple Creek,SK,49.91N,109.48O
s0000026,Maple Plains,PE,46.28N,63.57O
s0000022,Marathon,ON,48.72N,86.38O
s0000220,Marble Mountain,NL,48.94N,57.84O
s0000060,Marieville,QC,45.43N,73.17O
s0000585,Markham,ON,43.88N,79.26O
s0000594,Mary's Harbour,NL,52.32N,55.83O
s0000474,Marystown,NL,47.17N,55.17O
s0000145,Mascouche,QC,45.75N,73.60O
s0000007,Masset,BC,54.02N,132.10O
s0000617,Matagami,QC,49.75N,77.63O
s0000784,Matane,QC,48.85N,67.53O
s0000407,Matapédia,QC,47.97N,66.95O
s0000125,Mauricie,QC,46.80N,72.97O
s0000593,Mayo,YT,63.59N,135.90O
s0000005,McBride,BC,53.30N,120.17O
s0000276,McCreary,MB,50.77N,99.49O
s0000589,Meadow Lake,SK,54.12N,108.44O
s0000745,Medicine Hat,AB,50.04N,110.68O
s0000158,Melfort,SK,52.86N,104.61O
s0000136,Melita,MB,49.27N,101.00O
s0000665,Melville,SK,50.93N,102.81O
s0000006,Merritt,BC,50.11N,120.79O
s0000281,Midland,ON,44.75N,79.88O
s0000523,Mildred Lake,AB,57.03N,111.60O
s0000313,Milk River,AB,49.15N,112.09O
s0000105,Mine Centre,ON,48.77N,92.62O
s0000094,Mingan,QC,50.30N,64.03O
s0000490,Minnedosa,MB,50.25N,99.84O
s0000600,Mirabel,QC,45.65N,74.08O
s0000036,Miramichi,NB,47.00N,65.47O
s0000243,Miscou Island,NB,47.95N,64.57O
s0000786,Mississauga,ON,43.59N,79.66O
s0000654,Moncton,NB,46.12N,64.80O
s0000198,Mont Carleton (Parc provincial),NB,47.38N,66.83O
s0000555,Mont Saint-Hilaire,QC,45.57N,73.20O
s0000783,Mont-Joli,QC,48.58N,68.18O
s0000246,Mont-Laurier,QC,46.55N,75.50O
s0000213,Mont-Tremblant,QC,46.12N,74.60O
s0000334,Montmagny,QC,46.98N,70.55O
s0000635,Montréal,QC,45.52N,73.65O
s0000762,Montreal River Harbour,ON,47.24N,84.65O
s0000822,Moose Jaw,SK,50.39N,105.55O
s0000733,Moosomin,SK,50.14N,101.67O
s0000596,Moosonee,ON,51.33N,80.72O
s0000444,Morden,MB,49.19N,98.10O
s0000150,Morris,MB,49.36N,97.37O
s0000072,Morrisburg,ON,44.90N,75.18O
s0000240,Mount Forest,ON,43.98N,80.74O
s0000376,Muncho Lake,BC,58.93N,125.77O
s0000027,Murdochville,QC,48.97N,65.50O
s0000016,Musgrave Harbour,NL,49.45N,53.97O
s0000642,Muskoka,ON,44.91N,79.37O
s0000476,Nahanni Butte,NT,61.03N,123.39O
s0000162,Nain,NL,56.55N,61.69O
s0000259,Nakusp,BC,50.25N,117.80O
s0000496,Nanaimo,BC,49.17N,123.93O
s0000693,Nanisivik,NU,73.03N,84.55O
s0000610,Natashquan,QC,50.19N,61.82O
s0000713,Naujaat,NU,66.53N,86.25O
s0000258,Nelson,BC,49.50N,117.28O
s0000268,New Carlisle,QC,48.02N,65.33O
s0000089,New Glasgow,NS,45.59N,62.64O
s0000429,New Tecumseth,ON,44.08N,79.77O
s0000017,New-Wes-Valley,NL,49.17N,53.57O
s0000582,Newmarket,ON,44.06N,79.46O
s0000692,Niagara Falls,ON,43.06N,79.11O
s0000260,Nicolet,QC,46.22N,72.62O
s0000095,Nipawin,SK,53.36N,104.02O
s0000419,Nipigon,ON,48.98N,88.33O
s0000766,Nipissing Ouest,ON,46.45N,80.04O
s0000448,Nordegg,AB,52.47N,116.08O
s0000426,Norfolk,ON,42.80N,80.41O
s0000720,Norman Wells,NT,65.28N,126.83O
s0000666,North Battleford,SK,52.76N,108.29O
s0000765,North Bay,ON,46.31N,79.46O
s0000252,North Cape,PE,47.07N,64.00O
s0000264,North East Margaree,NS,46.33N,61.01O
s0000021,North Mountain (Cap-Breton),NS,46.88N,60.58O
s0000238,North Perth,ON,43.73N,80.97O
s0000616,Norway House,MB,53.99N,97.82O
s0000273,Oak Point,MB,50.51N,98.03O
s0000367,Oakville,ON,43.46N,79.71O
s0000231,Ogoki,ON,51.63N,85.95O
s0000767,Okotoks,AB,50.73N,113.98O
s0000823,Old Crow,YT,67.57N,139.84O
s0000272,Onefour,AB,49.12N,110.47O
s0000815,Orangeville,ON,43.92N,80.11O
s0000414,Orillia,ON,44.60N,79.42O
s0000521,Oromocto,NB,45.84N,66.48O
s0000707,Oshawa,ON,43.90N,78.86O
s0000397,Osoyoos,BC,49.03N,119.45O
s0000430,Ottawa (Kanata - Orléans),ON,45.33N,75.58O
s0000623,Ottawa (Richmond - Metcalfe),ON,45.24N,75.47O
s0000556,Otterburn Park,QC,45.53N,73.22O
s0000387,Outlook,SK,51.49N,107.05O
s0000728,Owen Sound,ON,44.57N,80.93O
s0000514,Oxbow,SK,49.23N,102.17O
s0000011,Oxford House,MB,54.95N,95.27O
s0000075,Oxtongue Lake,ON,45.36N,78.92O
s0000750,Pangnirtung,NU,66.14N,65.72O
s0000612,Papineau,QC,45.88N,75.05O
s0000073,Parc Algonquin (Brent),ON,46.03N,78.48O
s0000074,Parc Algonquin (Lake of Two Rivers),ON,45.58N,78.48O
s0000170,Parc Waterton,AB,49.05N,113.91O
s0000287,Parent,QC,47.92N,74.62O
s0000040,Parrsboro,NS,45.41N,64.33O
s0000451,Parry Sound,ON,45.35N,80.04O
s0000759,Paulatuk,NT,69.35N,124.07O
s0000625,Peace River,AB,56.24N,117.30O
s0000374,Peawanuck,ON,55.02N,85.42O
s0000067,Pelican Narrows,SK,55.19N,102.93O
s0000173,Pemberton,BC,50.32N,122.80O
s0000730,Pembroke,ON,45.82N,77.11O
s0000772,Penticton,BC,49.50N,119.58O
s0000314,Percé,QC,48.53N,64.22O
s0000729,Petawawa,ON,45.91N,77.27O
s0000629,Peterborough,ON,44.30N,78.33O
s0000710,Pickering,ON,43.91N,79.13O
s0000628,Pickle Lake,ON,51.47N,90.20O
s0000677,Pikangikum,ON,51.81N,93.99O
s0000289,Pilot Mound,MB,49.20N,98.89O
s0000130,Pinawa,MB,50.15N,95.88O
s0000824,Pincher Creek,AB,49.49N,113.95O
s0000363,Pincourt,QC,45.38N,73.98O
s0000189,Pine Falls,MB,50.57N,96.22O
s0000247,Pitt Meadows,BC,49.22N,122.69O
s0000082,Placentia,NL,47.30N,53.99O
s0000037,Point Escuminac,NB,47.07N,64.80O
s0000285,Point Lepreau,NB,45.07N,66.45O
s0000810,Pointe-à-la-Croix,QC,48.02N,66.68O
s0000564,Pond Inlet,NU,72.70N,77.96O
s0000613,Pontiac,QC,46.05N,76.92O
s0000378,Poplar River,MB,52.99N,97.28O
s0000294,Port Alberni,BC,49.24N,124.80O
s0000639,Port Carling,ON,45.12N,79.58O
s0000283,Port Colborne,ON,42.92N,79.19O
s0000725,Port Elgin,ON,44.44N,81.39O
s0000799,Port Hardy,BC,50.70N,127.42O
s0000460,Port Hawkesbury,NS,45.62N,61.36O
s0000630,Port Perry,ON,44.10N,78.95O
s0000114,Port-au-Choix,NL,50.71N,57.36O
s0000801,Port-Cartier,QC,50.03N,66.87O
s0000097,Port-Menier,QC,49.82N,64.35O
s0000626,Portage la Prairie,MB,49.97N,98.29O
s0000634,Powell River,BC,49.85N,124.53O
s0000055,Prévost,QC,45.87N,74.08O
s0000624,Prince Albert,SK,53.22N,105.71O
s0000702,Prince Edward (Picton),ON,44.02N,77.26O
s0000146,Prince George,BC,53.92N,122.75O
s0000633,Prince Rupert,BC,54.32N,130.32O
s0000291,Princeton,BC,49.46N,120.51O
s0000161,Pukatawagan,MB,55.74N,101.32O
s0000292,Puntzi Mountain,BC,52.17N,124.20O
s0000711,Puvirnituq,QC,60.03N,77.28O
s0000716,Qikiqtarjuaqq,NU,67.55N,64.03O
s0000864,Qualicum Beach,BC,49.35N,124.44O
s0000544,Quaqtaq,QC,61.05N,69.63O
s0000620,Québec,QC,46.82N,71.22O
s0000671,Quesnel,BC,53.00N,122.50O
s0000704,Quinte Ouest,ON,44.20N,77.58O
s0000685,Quispamsis,NB,45.44N,65.94O
s0000643,Rainbow Lake,AB,58.50N,119.40O
s0000030,Rancheria,YT,60.09N,130.60O
s0000678,Rankin Inlet,NU,62.82N,92.08O
s0000645,Red Deer,AB,52.27N,113.81O
s0000299,Red Earth Creek,AB,56.54N,115.29O
s0000676,Red Lake,ON,51.10N,93.72O
s0000788,Regina,SK,50.45N,104.61O
s0000731,Renfrew,ON,45.47N,76.68O
s0000755,Repentigny,QC,45.73N,73.47O
s0000672,Resolute,NU,74.70N,94.83O
s0000679,Revelstoke,BC,50.98N,118.20O
s0000552,Richelieu,QC,45.45N,73.25O
s0000734,Richer,MB,49.66N,96.46O
s0000034,Richibucto,NB,46.68N,64.88O
s0000862,Richmond,BC,49.16N,123.16O
s0000773,Richmond Hill,ON,43.87N,79.44O
s0000061,Rigaud,QC,45.48N,74.30O
s0000858,Rigolet,NL,54.1792N,58.43O
s0000393,Rimouski,QC,48.45N,68.53O
s0000253,Rivière-du-Loup,QC,47.83N,69.53O
s0000673,Roberval,QC,48.52N,72.27O
s0000380,Roblin,MB,51.23N,101.36O
s0000396,Rock Creek,BC,49.05N,119.00O
s0000309,Rock River,YT,66.98N,136.22O
s0000225,Rockglen,SK,49.18N,105.95O
s0000456,Rocky Harbour,NL,49.59N,57.92O
s0000306,Rocky Mountain House,AB,52.37N,114.92O
s0000455,Rodney,ON,42.57N,81.68O
s0000035,Rogersville,NB,46.75N,65.50O
s0000080,Rondeau (Parc provincial),ON,42.30N,81.89O
s0000606,Rosemère,QC,45.63N,73.80O
s0000300,Rosetown,SK,51.55N,107.99O
s0000350,Ross River,YT,61.98N,132.43O
s0000743,Rosthern,SK,52.66N,106.33O
s0000848,route 16 - de Smithers à Terrace,HEF, , 
s0000849,route 3 - de Hope à Princeton via le col Allison,HEF, , 
s0000850,route 3 - du sommet Paulson au col Kootenay,HEF, , 
s0000852,route 97 - col Pine,HEF, , 
s0000851,route 97 - de Clinton à 100 Mile House via le sommet Begbie,HEF, , 
s0000846,route de Coquihalla - de Hope à Merritt,HEF, , 
s0000847,route de Coquihalla - de Merritt à Kamloops,HEF, , 
s0000853,route de liaison Okanagan - de Merritt à Kelowna,HEF, , 
s0000856,route Transcanadienne - du col Eagle au col Rogers,HEF, , 
s0000353,Rouyn-Noranda,QC,48.23N,79.02O
s0000696,Sachigo Lake,ON,53.87N,92.17O
s0000338,Sachs Harbour,NT,71.98N,125.24O
s0000449,Sackville,NB,45.92N,64.39O
s0000211,Saguenay,QC,48.42N,71.07O
s0000331,Saint Andrews,NB,45.08N,67.06O
s0000687,Saint John,NB,45.26N,66.04O
s0000557,Saint-Amable,QC,45.65N,73.30O
s0000558,Saint-Basile Le Grand,QC,45.53N,73.28O
s0000049,Saint-Constant,QC,45.37N,73.57O
s0000609,Saint-Eustache,QC,45.57N,73.90O
s0000675,Saint-Félicien,QC,48.65N,72.45O
s0000187,Saint-Georges,QC,46.12N,70.67O
s0000059,Saint-Hyacinthe,QC,45.62N,72.95O
s0000202,Saint-Jean-sur-Richelieu,QC,45.32N,73.27O
s0000601,Saint-Jérôme,QC,45.78N,74.00O
s0000062,Saint-Lazare,QC,45.40N,74.13O
s0000057,Saint-Lin-Laurentides,QC,45.85N,73.77O
s0000203,Saint-Luc,QC,45.35N,73.30O
s0000029,Saint-Michel-des-Saints,QC,46.68N,73.92O
s0000262,Saint-Nicéphore,QC,45.83N,72.42O
s0000199,Saint-Quentin,NB,47.51N,67.39O
s0000051,Saint-Rémi,QC,45.27N,73.62O
s0000058,Saint-Sauveur,QC,45.90N,74.17O
s0000742,Saint-Timothée,QC,45.29N,74.04O
s0000214,Sainte-Agathe,QC,46.05N,74.28O
s0000322,Sainte-Anne-Des-Monts,QC,49.13N,66.50O
s0000607,Sainte-Anne-Des-Plaines,QC,45.77N,73.82O
s0000050,Sainte-Catherine,QC,45.40N,73.58O
s0000559,Sainte-Julie,QC,45.58N,73.33O
s0000056,Sainte-Sophie,QC,45.82N,73.90O
s0000608,Sainte-Thérèse,QC,45.63N,73.85O
s0000098,Salaberry-de-Valleyfield,QC,45.25N,74.13O
s0000793,Salluit,QC,62.20N,75.63O
s0000324,Salmon Arm,BC,50.70N,119.27O
s0000340,Sambaa K'e,NT,60.43N,121.25O
s0000795,Sandspit,BC,53.25N,131.82O
s0000826,Sandy Lake,ON,53.06N,93.32O
s0000689,Sanikiluaq,NU,56.53N,79.23O
s0000796,Sarnia,ON,42.98N,82.32O
s0000797,Saskatoon,SK,52.14N,106.69O
s0000726,Saugeen Shores,ON,44.41N,81.37O
s0000479,Sault Ste. Marie,ON,46.56N,84.35O
s0000747,Savant Lake,ON,50.24N,90.71O
s0000577,Schefferville,QC,54.80N,66.83O
s0000344,Scott,SK,52.37N,108.83O
s0000854,Sea to Sky - de Squamish à Whistler,HEF, , 
s0000855,Sea to Sky - de West Vancouver de la route Upper Levels à Squamish,HEF, , 
s0000317,Sechelt,BC,49.47N,123.77O
s0000800,Sept-Îles,QC,50.20N,66.38O
s0000013,Shamattawa,MB,55.85N,92.09O
s0000435,Sharbot Lake,ON,44.77N,76.69O
s0000133,Shaunavon,SK,49.65N,108.42O
s0000709,Shawinigan,QC,46.57N,72.75O
s0000653,Shédiac,NB,46.22N,64.53O
s0000446,Sheet Harbour,NS,44.92N,62.54O
s0000239,Shelburne,ON,44.08N,80.20O
s0000109,Shelburne,NS,43.76N,65.32O
s0000681,Sherbrooke,QC,45.40N,71.90O
s0000402,Shilo,MB,49.81N,99.64O
s0000352,Shoal Lake,MB,50.44N,100.59O
s0000424,Simcoe,ON,42.84N,80.31O
s0000748,Sioux Lookout,ON,50.09N,92.00O
s0000650,Sioux Narrows,ON,49.41N,94.10O
s0000794,Slave Lake,AB,55.28N,114.77O
s0000770,Smithers,BC,54.78N,127.17O
s0000434,Smiths Falls,ON,44.90N,76.02O
s0000160,Snow Lake,MB,54.88N,100.04O
s0000147,Sorel-Tracy,QC,46.03N,73.12O
s0000491,Souris,MB,49.62N,100.26O
s0000727,South Bruce Peninsula,ON,44.71N,81.22O
s0000208,Southend Reindeer,SK,56.32N,103.27O
s0000175,Sparwood,BC,49.72N,114.90O
s0000330,Spiritwood,SK,53.37N,107.52O
s0000337,Sprague,MB,49.04N,95.64O
s0000323,Squamish,BC,49.75N,123.13O
s0000019,St. Alban's,NL,47.88N,55.85O
s0000128,St. Anthony,NL,51.37N,55.59O
s0000691,St. Catharines,ON,43.17N,79.25O
s0000280,St. John's,NL,47.57N,52.73O
s0000039,St. Lawrence,NL,46.92N,55.40O
s0000200,St. Leonard,NB,47.17N,67.92O
s0000307,St. Peter's,NS,45.66N,60.88O
s0000827,St. Peters Bay,PE,46.42N,62.58O
s0000332,St. Stephen,NB,45.22N,67.33O
s0000329,St. Thomas,ON,42.78N,81.19O
s0000384,Stavely,AB,50.16N,113.64O
s0000151,Steinbach,MB,49.53N,96.68O
s0000567,Stephenville,NL,48.55N,58.58O
s0000829,Stettler,AB,52.32N,112.70O
s0000828,Stewart,BC,55.93N,129.98O
s0000700,Stirling,ON,44.30N,77.55O
s0000453,Stony Plain,AB,53.53N,114.01O
s0000684,Stony Rapids,SK,59.25N,105.84O
s0000325,Stratford,ON,43.37N,80.98O
s0000068,Strathmore,AB,51.05N,113.39O
s0000328,Strathroy,ON,42.96N,81.62O
s0000843,Sudbury (Grand),ON,46.58N,81.07O
s0000683,Suffield,AB,50.22N,111.16O
s0000351,Summerland,BC,49.60N,119.67O
s0000562,Summerside,PE,46.40N,63.79O
s0000083,Sundre,AB,51.80N,114.64O
s0000686,Sussex,NB,45.72N,65.51O
s0000163,Sutton,QC,45.10N,72.62O
s0000139,Swan River,MB,52.11N,101.27O
s0000355,Swift Current,SK,50.29N,107.79O
s0000529,Sydenham,ON,44.41N,76.60O
s0000670,Sydney,NS,46.14N,60.20O
s0000359,Taber,AB,49.78N,112.15O
s0000417,Tadoule Lake,MB,58.71N,98.48O
s0000295,Tadoussac,QC,48.15N,69.72O
s0000774,Taloyoak,NU,69.54N,93.52O
s0000699,Tasiujaq,QC,58.70N,69.93O
s0000812,Tatamagouche,NS,45.71N,63.29O
s0000465,Tatlayoko Lake,BC,51.72N,124.43O
s0000085,Témiscamingue,QC,47.55N,79.23O
s0000255,Témiscouata,QC,47.68N,68.88O
s0000753,Temiskaming Shores,ON,47.49N,79.72O
s0000467,Terra Nova (Parc national),NL,48.53N,53.93O
s0000757,Terrace,BC,54.52N,128.60O
s0000023,Terrace Bay,ON,48.80N,87.10O
s0000290,Terrebonne,QC,45.70N,73.63O
s0000410,Teslin,YT,60.17N,132.72O
s0000341,Tetsa River (Parc provincial),BC,58.65N,123.95O
s0000644,The Pas,MB,53.83N,101.25O
s0000064,Thetford Mines,QC,46.10N,71.30O
s0000695,Thompson,MB,55.74N,97.86O
s0000179,Three Hills,AB,51.70N,113.27O
s0000411,Thunder Bay,ON,48.40N,89.27O
s0000425,Tillsonburg,ON,42.87N,80.73O
s0000705,Timmins,ON,48.47N,81.33O
s0000157,Tisdale,SK,52.85N,104.05O
s0000422,Tobermory,ON,45.25N,81.66O
s0000481,Tofino,BC,49.12N,125.88O
s0000458,Toronto,ON,43.74N,79.37O
s0000785,Toronto Island,ON,43.63N,79.37O
s0000461,Tracadie,NS,45.62N,61.67O
s0000385,Tracadie-Sheila,NB,47.51N,64.92O
s0000148,Tracy,QC,46.03N,73.14O
s0000471,Trail,BC,49.10N,117.70O
s0000701,Trenton,ON,44.11N,77.58O
s0000254,Trois-Pistoles,QC,48.12N,69.18O
s0000346,Trois-Rivières,QC,46.35N,72.58O
s0000813,Truro,NS,45.37N,63.28O
s0000830,Tuktoyaktuk,NT,69.45N,133.03O
s0000817,Tulita,NT,64.90N,125.57O
s0000137,Turtle Mountain (Parc provincial),MB,49.05N,100.25O
s0000122,Twillingate,NL,49.65N,54.76O
s0000482,Ucluelet,BC,48.94N,125.55O
s0000432,Ulukhaktok,NT,70.73N,117.75O
s0000599,Umiujaq,QC,56.56N,76.55O
s0000127,Upsala,ON,49.06N,90.50O
s0000113,Uranium City,SK,59.57N,108.61O
s0000357,Val Marie,SK,49.25N,107.73O
s0000717,Val-d'Or,QC,48.10N,77.78O
s0000614,Val-des-Monts,QC,45.65N,75.67O
s0000003,Valemount,BC,52.83N,119.25O
s0000408,Vallée de la Matapédia,QC,48.17N,67.14O
s0000141,Vancouver,BC,49.25N,123.12O
s0000754,Vanderhoof,BC,54.02N,124.02O
s0000204,Vanier,QC,46.82N,71.26O
s0000180,Varennes,QC,45.68N,73.43O
s0000362,Vaudreuil-Dorion,QC,45.40N,74.03O
s0000584,Vaughan,ON,43.85N,79.54O
s0000358,Vauxhall,AB,50.07N,112.11O
s0000356,Vegreville,AB,53.50N,112.05O
s0000216,Vernon,BC,50.26N,119.27O
s0000775,Victoria,BC,48.43N,123.37O
s0000792,Victoria (Hartland),BC,48.52N,123.43O
s0000390,Victoria (Université de),BC,48.46N,123.3O
s0000190,Victoria Beach,MB,50.70N,96.56O
s0000735,Victoria Harbour,BC,48.42N,123.39O
s0000054,Victoriaville,QC,46.05N,71.97O
s0000469,Vineland,ON,43.15N,79.39O
s0000135,Virden,MB,49.85N,100.93O
s0000154,Vita,MB,49.13N,96.56O
s0000736,Wabush Lake,NL,53.08N,66.87O
s0000833,Wainwright,AB,52.83N,110.86O
s0000236,Walkerton,ON,44.13N,81.15O
s0000375,Wasagaming,MB,50.66N,99.97O
s0000579,Waskaganish,QC,51.20N,78.77O
s0000241,Waskesiu Lake,SK,53.92N,106.08O
s0000195,Watrous,SK,51.69N,105.46O
s0000648,Watson Lake,YT,60.06N,128.70O
s0000761,Wawa,ON,47.99N,84.77O
s0000232,Webequie,ON,52.99N,87.36O
s0000442,Wekweeti,NT,64.19N,114.18O
s0000076,Welland,ON,43.00N,79.23O
s0000865,West Vancouver,BC,49.33N,123.16O
s0000370,Western Head,NS,43.99N,64.67O
s0000427,Westlock,AB,54.16N,113.86O
s0000530,Westport,ON,44.68N,76.40O
s0000312,Wetaskiwin,AB,52.97N,113.38O
s0000372,Weyburn,SK,49.66N,103.85O
s0000749,Whale Cove,NU,62.16N,92.57O
s0000249,Whati,NT,63.14N,117.27O
s0000078,Whistler,BC,50.12N,122.97O
s0000708,Whitby,ON,43.93N,78.95O
s0000764,White River,ON,48.58N,85.26O
s0000373,White Rock,BC,49.02N,122.80O
s0000477,Whitecourt,AB,54.14N,115.68O
s0000825,Whitehorse,YT,60.70N,135.08O
s0000131,Whiteshell,MB,49.74N,95.20O
s0000724,Wiarton,ON,44.74N,81.14O
s0000739,Williams Lake,BC,52.14N,122.14O
s0000119,Willow Creek (Parc provincial),AB,50.12N,113.77O
s0000077,Winchester,ON,45.09N,75.35O
s0000438,Windsor,NS,44.99N,64.14O
s0000646,Windsor,ON,42.30N,82.99O
s0000235,Wingham,ON,43.89N,81.31O
s0000445,Winkler,MB,49.18N,97.94O
s0000193,Winnipeg,MB,49.88N,97.15O
s0000472,Winnipeg (La Fourche),MB,49.89N,97.13O
s0000473,Winterland,NL,47.16N,55.31O
s0000327,Woodstock,ON,43.14N,80.74O
s0000522,Woodstock,NB,46.15N,67.60O
s0000042,Wreckhouse,NL,47.71N,59.31O
s0000740,Wrigley,NT,63.27N,123.61O
s0000698,Wunnummin Lake,ON,52.94N,89.30O
s0000278,Wynyard,SK,51.77N,104.18O
s0000649,Yarmouth,NS,43.84N,66.12O
s0000366,Yellowknife,NT,62.46N,114.35O
s0000392,Yoho (Parc national),BC,51.50N,116.50O
s0000014,York Factory,MB,57.00N,92.31O
s0000663,Yorkton,SK,51.21N,102.46O
